--
-- PostgreSQL database dump
--

-- Dumped from database version 16.8
-- Dumped by pg_dump version 16.8

-- Started on 2025-05-18 21:47:56

SET statement_timeout = 0;
SET lock_timeout = 0;
SET idle_in_transaction_session_timeout = 0;
SET client_encoding = 'UTF8';
SET standard_conforming_strings = on;
SELECT pg_catalog.set_config('search_path', '', false);
SET check_function_bodies = false;
SET xmloption = content;
SET client_min_messages = warning;
SET row_security = off;

SET default_tablespace = '';

SET default_table_access_method = heap;

--
-- TOC entry 215 (class 1259 OID 16395)
-- Name: docente; Type: TABLE; Schema: public; Owner: postgres
--

CREATE TABLE public.docente (
    departamento character varying(255) NOT NULL,
    nro_empleado character varying(255) NOT NULL,
    id_persona bigint NOT NULL,
    estado character varying(255) NOT NULL,
    fecha_alta date NOT NULL,
    fecha_baja date,
    fecha_modificacion date,
    motivo_baja character varying(255),
    usuario_alta character varying(255),
    usuario_baja character varying(255),
    usuario_modificacion character varying(255)
);


ALTER TABLE public.docente OWNER TO postgres;

--
-- TOC entry 232 (class 1259 OID 16931)
-- Name: docente_materia; Type: TABLE; Schema: public; Owner: postgres
--

CREATE TABLE public.docente_materia (
    id_materia bigint NOT NULL,
    id_persona bigint NOT NULL
);


ALTER TABLE public.docente_materia OWNER TO postgres;

--
-- TOC entry 216 (class 1259 OID 16402)
-- Name: estudiante; Type: TABLE; Schema: public; Owner: postgres
--

CREATE TABLE public.estudiante (
    estado character varying(255),
    fecha_alta date NOT NULL,
    fecha_baja date,
    fecha_modificacion date,
    motivo_baja character varying(255),
    numero_inscripcion character varying(255) NOT NULL,
    usuario_alta character varying(255),
    usuario_baja character varying(255),
    usuario_modificacion character varying(255),
    id_persona bigint NOT NULL
);


ALTER TABLE public.estudiante OWNER TO postgres;

--
-- TOC entry 234 (class 1259 OID 17012)
-- Name: estudiante_materia; Type: TABLE; Schema: public; Owner: postgres
--

CREATE TABLE public.estudiante_materia (
    id_inscripcion bigint NOT NULL,
    estado character varying(255) NOT NULL,
    fecha_baja date,
    fecha_inscripcion date NOT NULL,
    motivo_baja character varying(100),
    usuario_alta character varying(255) NOT NULL,
    usuario_baja character varying(50),
    id_persona bigint NOT NULL,
    id_materia bigint NOT NULL
);


ALTER TABLE public.estudiante_materia OWNER TO postgres;

--
-- TOC entry 233 (class 1259 OID 17011)
-- Name: estudiante_materia_id_inscripcion_seq; Type: SEQUENCE; Schema: public; Owner: postgres
--

CREATE SEQUENCE public.estudiante_materia_id_inscripcion_seq
    START WITH 1
    INCREMENT BY 1
    NO MINVALUE
    NO MAXVALUE
    CACHE 1;


ALTER SEQUENCE public.estudiante_materia_id_inscripcion_seq OWNER TO postgres;

--
-- TOC entry 4953 (class 0 OID 0)
-- Dependencies: 233
-- Name: estudiante_materia_id_inscripcion_seq; Type: SEQUENCE OWNED BY; Schema: public; Owner: postgres
--

ALTER SEQUENCE public.estudiante_materia_id_inscripcion_seq OWNED BY public.estudiante_materia.id_inscripcion;


--
-- TOC entry 218 (class 1259 OID 16413)
-- Name: evaluacion_docente; Type: TABLE; Schema: public; Owner: postgres
--

CREATE TABLE public.evaluacion_docente (
    id bigint NOT NULL,
    comentario character varying(255),
    fecha date,
    puntuacion integer,
    docente_id bigint NOT NULL
);


ALTER TABLE public.evaluacion_docente OWNER TO postgres;

--
-- TOC entry 217 (class 1259 OID 16412)
-- Name: evaluacion_docente_id_seq; Type: SEQUENCE; Schema: public; Owner: postgres
--

ALTER TABLE public.evaluacion_docente ALTER COLUMN id ADD GENERATED BY DEFAULT AS IDENTITY (
    SEQUENCE NAME public.evaluacion_docente_id_seq
    START WITH 1
    INCREMENT BY 1
    NO MINVALUE
    NO MAXVALUE
    CACHE 1
);


--
-- TOC entry 220 (class 1259 OID 16419)
-- Name: materia; Type: TABLE; Schema: public; Owner: postgres
--

CREATE TABLE public.materia (
    id_materia bigint NOT NULL,
    codigo_unico character varying(255) NOT NULL,
    creditos integer NOT NULL,
    nombre_materia character varying(100) NOT NULL,
    version bigint DEFAULT 0
);


ALTER TABLE public.materia OWNER TO postgres;

--
-- TOC entry 219 (class 1259 OID 16418)
-- Name: materia_id_materia_seq; Type: SEQUENCE; Schema: public; Owner: postgres
--

ALTER TABLE public.materia ALTER COLUMN id_materia ADD GENERATED BY DEFAULT AS IDENTITY (
    SEQUENCE NAME public.materia_id_materia_seq
    START WITH 1
    INCREMENT BY 1
    NO MINVALUE
    NO MAXVALUE
    CACHE 1
);


--
-- TOC entry 221 (class 1259 OID 16424)
-- Name: materia_prerequisito; Type: TABLE; Schema: public; Owner: postgres
--

CREATE TABLE public.materia_prerequisito (
    id_materia bigint NOT NULL,
    id_prerequisito bigint NOT NULL
);


ALTER TABLE public.materia_prerequisito OWNER TO postgres;

--
-- TOC entry 223 (class 1259 OID 16428)
-- Name: persona; Type: TABLE; Schema: public; Owner: postgres
--

CREATE TABLE public.persona (
    id_persona bigint NOT NULL,
    apellido character varying(50) NOT NULL,
    email character varying(255) NOT NULL,
    fecha_nacimiento date NOT NULL,
    nombre character varying(50) NOT NULL,
    version bigint
);


ALTER TABLE public.persona OWNER TO postgres;

--
-- TOC entry 222 (class 1259 OID 16427)
-- Name: persona_id_persona_seq; Type: SEQUENCE; Schema: public; Owner: postgres
--

ALTER TABLE public.persona ALTER COLUMN id_persona ADD GENERATED BY DEFAULT AS IDENTITY (
    SEQUENCE NAME public.persona_id_persona_seq
    START WITH 1
    INCREMENT BY 1
    NO MINVALUE
    NO MAXVALUE
    CACHE 1
);


--
-- TOC entry 228 (class 1259 OID 16505)
-- Name: roles; Type: TABLE; Schema: public; Owner: postgres
--

CREATE TABLE public.roles (
    id bigint NOT NULL,
    nombre character varying(20),
    CONSTRAINT roles_nombre_check CHECK (((nombre)::text = ANY ((ARRAY['ROL_ESTUDIANTE'::character varying, 'ROL_DOCENTE'::character varying, 'ROL_ADMIN'::character varying])::text[])))
);


ALTER TABLE public.roles OWNER TO postgres;

--
-- TOC entry 227 (class 1259 OID 16504)
-- Name: roles_id_seq; Type: SEQUENCE; Schema: public; Owner: postgres
--

ALTER TABLE public.roles ALTER COLUMN id ADD GENERATED BY DEFAULT AS IDENTITY (
    SEQUENCE NAME public.roles_id_seq
    START WITH 1
    INCREMENT BY 1
    NO MINVALUE
    NO MAXVALUE
    CACHE 1
);


--
-- TOC entry 225 (class 1259 OID 16484)
-- Name: spring_session; Type: TABLE; Schema: public; Owner: postgres
--

CREATE TABLE public.spring_session (
    primary_id character(36) NOT NULL,
    session_id character(36) NOT NULL,
    creation_time bigint NOT NULL,
    last_access_time bigint NOT NULL,
    max_inactive_interval integer NOT NULL,
    expiry_time bigint NOT NULL,
    principal_name character varying(100)
);


ALTER TABLE public.spring_session OWNER TO postgres;

--
-- TOC entry 226 (class 1259 OID 16492)
-- Name: spring_session_attributes; Type: TABLE; Schema: public; Owner: postgres
--

CREATE TABLE public.spring_session_attributes (
    session_primary_id character(36) NOT NULL,
    attribute_name character varying(200) NOT NULL,
    attribute_bytes bytea NOT NULL
);


ALTER TABLE public.spring_session_attributes OWNER TO postgres;

--
-- TOC entry 224 (class 1259 OID 16479)
-- Name: unidad_tematica; Type: TABLE; Schema: public; Owner: postgres
--

CREATE TABLE public.unidad_tematica (
    id bigint NOT NULL,
    descripcion character varying(255),
    titulo character varying(255),
    materia_id bigint NOT NULL
);


ALTER TABLE public.unidad_tematica OWNER TO postgres;

--
-- TOC entry 229 (class 1259 OID 16511)
-- Name: usuario_roles; Type: TABLE; Schema: public; Owner: postgres
--

CREATE TABLE public.usuario_roles (
    usuario_id bigint NOT NULL,
    rol_id bigint NOT NULL
);


ALTER TABLE public.usuario_roles OWNER TO postgres;

--
-- TOC entry 231 (class 1259 OID 16517)
-- Name: usuarios; Type: TABLE; Schema: public; Owner: postgres
--

CREATE TABLE public.usuarios (
    id bigint NOT NULL,
    activo boolean NOT NULL,
    apellido character varying(255),
    email character varying(255) NOT NULL,
    nombre character varying(255),
    password character varying(255) NOT NULL,
    username character varying(255) NOT NULL
);


ALTER TABLE public.usuarios OWNER TO postgres;

--
-- TOC entry 230 (class 1259 OID 16516)
-- Name: usuarios_id_seq; Type: SEQUENCE; Schema: public; Owner: postgres
--

ALTER TABLE public.usuarios ALTER COLUMN id ADD GENERATED BY DEFAULT AS IDENTITY (
    SEQUENCE NAME public.usuarios_id_seq
    START WITH 1
    INCREMENT BY 1
    NO MINVALUE
    NO MAXVALUE
    CACHE 1
);


--
-- TOC entry 4732 (class 2604 OID 17015)
-- Name: estudiante_materia id_inscripcion; Type: DEFAULT; Schema: public; Owner: postgres
--

ALTER TABLE ONLY public.estudiante_materia ALTER COLUMN id_inscripcion SET DEFAULT nextval('public.estudiante_materia_id_inscripcion_seq'::regclass);


--
-- TOC entry 4928 (class 0 OID 16395)
-- Dependencies: 215
-- Data for Name: docente; Type: TABLE DATA; Schema: public; Owner: postgres
--

INSERT INTO public.docente (departamento, nro_empleado, id_persona, estado, fecha_alta, fecha_baja, fecha_modificacion, motivo_baja, usuario_alta, usuario_baja, usuario_modificacion) VALUES ('Matemáticas', 'EMP12345', 66, 'activo', '2025-05-18', NULL, NULL, NULL, 'admin', NULL, NULL);
INSERT INTO public.docente (departamento, nro_empleado, id_persona, estado, fecha_alta, fecha_baja, fecha_modificacion, motivo_baja, usuario_alta, usuario_baja, usuario_modificacion) VALUES ('Física', 'EMP12346', 68, 'activo', '2025-05-18', NULL, NULL, NULL, 'admin', NULL, NULL);
INSERT INTO public.docente (departamento, nro_empleado, id_persona, estado, fecha_alta, fecha_baja, fecha_modificacion, motivo_baja, usuario_alta, usuario_baja, usuario_modificacion) VALUES ('Química', 'EMP12347', 69, 'activo', '2025-05-18', NULL, NULL, NULL, 'admin', NULL, NULL);
INSERT INTO public.docente (departamento, nro_empleado, id_persona, estado, fecha_alta, fecha_baja, fecha_modificacion, motivo_baja, usuario_alta, usuario_baja, usuario_modificacion) VALUES ('Biología', 'EMP12348', 70, 'activo', '2025-05-18', NULL, NULL, NULL, 'admin', NULL, NULL);
INSERT INTO public.docente (departamento, nro_empleado, id_persona, estado, fecha_alta, fecha_baja, fecha_modificacion, motivo_baja, usuario_alta, usuario_baja, usuario_modificacion) VALUES ('Informática', 'EMP12349', 71, 'activo', '2025-05-18', NULL, NULL, NULL, 'admin', NULL, NULL);
INSERT INTO public.docente (departamento, nro_empleado, id_persona, estado, fecha_alta, fecha_baja, fecha_modificacion, motivo_baja, usuario_alta, usuario_baja, usuario_modificacion) VALUES ('Matemáticas', 'EMP12350', 72, 'activo', '2025-05-18', NULL, NULL, NULL, 'admin', NULL, NULL);
INSERT INTO public.docente (departamento, nro_empleado, id_persona, estado, fecha_alta, fecha_baja, fecha_modificacion, motivo_baja, usuario_alta, usuario_baja, usuario_modificacion) VALUES ('Física', 'EMP12351', 73, 'activo', '2025-05-18', NULL, NULL, NULL, 'admin', NULL, NULL);
INSERT INTO public.docente (departamento, nro_empleado, id_persona, estado, fecha_alta, fecha_baja, fecha_modificacion, motivo_baja, usuario_alta, usuario_baja, usuario_modificacion) VALUES ('Química', 'EMP12352', 74, 'activo', '2025-05-18', NULL, NULL, NULL, 'admin', NULL, NULL);
INSERT INTO public.docente (departamento, nro_empleado, id_persona, estado, fecha_alta, fecha_baja, fecha_modificacion, motivo_baja, usuario_alta, usuario_baja, usuario_modificacion) VALUES ('Biología', 'EMP12353', 75, 'activo', '2025-05-18', NULL, NULL, NULL, 'admin', NULL, NULL);
INSERT INTO public.docente (departamento, nro_empleado, id_persona, estado, fecha_alta, fecha_baja, fecha_modificacion, motivo_baja, usuario_alta, usuario_baja, usuario_modificacion) VALUES ('Informática', 'EMP12354', 76, 'activo', '2025-05-18', NULL, NULL, NULL, 'admin', NULL, NULL);
INSERT INTO public.docente (departamento, nro_empleado, id_persona, estado, fecha_alta, fecha_baja, fecha_modificacion, motivo_baja, usuario_alta, usuario_baja, usuario_modificacion) VALUES ('Biología', 'EMP12333', 77, 'activo', '2025-05-18', NULL, NULL, NULL, 'admin', NULL, NULL);


--
-- TOC entry 4945 (class 0 OID 16931)
-- Dependencies: 232
-- Data for Name: docente_materia; Type: TABLE DATA; Schema: public; Owner: postgres
--

INSERT INTO public.docente_materia (id_materia, id_persona) VALUES (3, 71);
INSERT INTO public.docente_materia (id_materia, id_persona) VALUES (3, 76);


--
-- TOC entry 4929 (class 0 OID 16402)
-- Dependencies: 216
-- Data for Name: estudiante; Type: TABLE DATA; Schema: public; Owner: postgres
--

INSERT INTO public.estudiante (estado, fecha_alta, fecha_baja, fecha_modificacion, motivo_baja, numero_inscripcion, usuario_alta, usuario_baja, usuario_modificacion, id_persona) VALUES ('activo', '2025-01-10', NULL, NULL, NULL, 'EST202500011', 'admin', NULL, NULL, 11);
INSERT INTO public.estudiante (estado, fecha_alta, fecha_baja, fecha_modificacion, motivo_baja, numero_inscripcion, usuario_alta, usuario_baja, usuario_modificacion, id_persona) VALUES ('activo', '2025-01-10', NULL, NULL, NULL, 'EST202500012', 'admin', NULL, NULL, 12);
INSERT INTO public.estudiante (estado, fecha_alta, fecha_baja, fecha_modificacion, motivo_baja, numero_inscripcion, usuario_alta, usuario_baja, usuario_modificacion, id_persona) VALUES ('activo', '2025-01-11', NULL, NULL, NULL, 'EST202500013', 'admin', NULL, NULL, 13);
INSERT INTO public.estudiante (estado, fecha_alta, fecha_baja, fecha_modificacion, motivo_baja, numero_inscripcion, usuario_alta, usuario_baja, usuario_modificacion, id_persona) VALUES ('activo', '2025-01-11', NULL, NULL, NULL, 'EST202500014', 'admin', NULL, NULL, 14);
INSERT INTO public.estudiante (estado, fecha_alta, fecha_baja, fecha_modificacion, motivo_baja, numero_inscripcion, usuario_alta, usuario_baja, usuario_modificacion, id_persona) VALUES ('activo', '2025-01-12', NULL, NULL, NULL, 'EST202500015', 'admin', NULL, NULL, 15);
INSERT INTO public.estudiante (estado, fecha_alta, fecha_baja, fecha_modificacion, motivo_baja, numero_inscripcion, usuario_alta, usuario_baja, usuario_modificacion, id_persona) VALUES ('activo', '2025-01-12', NULL, NULL, NULL, 'EST202500016', 'admin', NULL, NULL, 16);
INSERT INTO public.estudiante (estado, fecha_alta, fecha_baja, fecha_modificacion, motivo_baja, numero_inscripcion, usuario_alta, usuario_baja, usuario_modificacion, id_persona) VALUES ('activo', '2025-01-13', NULL, NULL, NULL, 'EST202500017', 'admin', NULL, NULL, 17);
INSERT INTO public.estudiante (estado, fecha_alta, fecha_baja, fecha_modificacion, motivo_baja, numero_inscripcion, usuario_alta, usuario_baja, usuario_modificacion, id_persona) VALUES ('activo', '2025-01-13', NULL, NULL, NULL, 'EST202500018', 'admin', NULL, NULL, 18);
INSERT INTO public.estudiante (estado, fecha_alta, fecha_baja, fecha_modificacion, motivo_baja, numero_inscripcion, usuario_alta, usuario_baja, usuario_modificacion, id_persona) VALUES ('activo', '2025-01-14', NULL, NULL, NULL, 'EST202500019', 'admin', NULL, NULL, 19);
INSERT INTO public.estudiante (estado, fecha_alta, fecha_baja, fecha_modificacion, motivo_baja, numero_inscripcion, usuario_alta, usuario_baja, usuario_modificacion, id_persona) VALUES ('activo', '2025-01-14', NULL, NULL, NULL, 'EST20250020', 'admin', NULL, NULL, 20);
INSERT INTO public.estudiante (estado, fecha_alta, fecha_baja, fecha_modificacion, motivo_baja, numero_inscripcion, usuario_alta, usuario_baja, usuario_modificacion, id_persona) VALUES ('activo', '2025-01-15', NULL, NULL, NULL, 'EST20250021', 'admin', NULL, NULL, 21);
INSERT INTO public.estudiante (estado, fecha_alta, fecha_baja, fecha_modificacion, motivo_baja, numero_inscripcion, usuario_alta, usuario_baja, usuario_modificacion, id_persona) VALUES ('activo', '2025-01-15', NULL, NULL, NULL, 'EST20250022', 'admin', NULL, NULL, 22);
INSERT INTO public.estudiante (estado, fecha_alta, fecha_baja, fecha_modificacion, motivo_baja, numero_inscripcion, usuario_alta, usuario_baja, usuario_modificacion, id_persona) VALUES ('activo', '2025-01-16', NULL, NULL, NULL, 'EST20250023', 'admin', NULL, NULL, 23);
INSERT INTO public.estudiante (estado, fecha_alta, fecha_baja, fecha_modificacion, motivo_baja, numero_inscripcion, usuario_alta, usuario_baja, usuario_modificacion, id_persona) VALUES ('activo', '2025-01-16', NULL, NULL, NULL, 'EST20250024', 'admin', NULL, NULL, 24);
INSERT INTO public.estudiante (estado, fecha_alta, fecha_baja, fecha_modificacion, motivo_baja, numero_inscripcion, usuario_alta, usuario_baja, usuario_modificacion, id_persona) VALUES ('activo', '2025-01-17', NULL, NULL, NULL, 'EST20250025', 'admin', NULL, NULL, 25);
INSERT INTO public.estudiante (estado, fecha_alta, fecha_baja, fecha_modificacion, motivo_baja, numero_inscripcion, usuario_alta, usuario_baja, usuario_modificacion, id_persona) VALUES ('activo', '2025-01-17', NULL, NULL, NULL, 'EST20250026', 'admin', NULL, NULL, 26);
INSERT INTO public.estudiante (estado, fecha_alta, fecha_baja, fecha_modificacion, motivo_baja, numero_inscripcion, usuario_alta, usuario_baja, usuario_modificacion, id_persona) VALUES ('activo', '2025-01-18', NULL, NULL, NULL, 'EST20250027', 'admin', NULL, NULL, 27);
INSERT INTO public.estudiante (estado, fecha_alta, fecha_baja, fecha_modificacion, motivo_baja, numero_inscripcion, usuario_alta, usuario_baja, usuario_modificacion, id_persona) VALUES ('activo', '2025-01-18', NULL, NULL, NULL, 'EST20250028', 'admin', NULL, NULL, 28);
INSERT INTO public.estudiante (estado, fecha_alta, fecha_baja, fecha_modificacion, motivo_baja, numero_inscripcion, usuario_alta, usuario_baja, usuario_modificacion, id_persona) VALUES ('activo', '2025-01-19', NULL, NULL, NULL, 'EST20250029', 'admin', NULL, NULL, 29);
INSERT INTO public.estudiante (estado, fecha_alta, fecha_baja, fecha_modificacion, motivo_baja, numero_inscripcion, usuario_alta, usuario_baja, usuario_modificacion, id_persona) VALUES ('activo', '2025-01-19', NULL, NULL, NULL, 'EST20250030', 'admin', NULL, NULL, 30);
INSERT INTO public.estudiante (estado, fecha_alta, fecha_baja, fecha_modificacion, motivo_baja, numero_inscripcion, usuario_alta, usuario_baja, usuario_modificacion, id_persona) VALUES ('activo', '2025-01-20', NULL, NULL, NULL, 'EST20250031', 'admin', NULL, NULL, 31);
INSERT INTO public.estudiante (estado, fecha_alta, fecha_baja, fecha_modificacion, motivo_baja, numero_inscripcion, usuario_alta, usuario_baja, usuario_modificacion, id_persona) VALUES ('activo', '2025-01-21', NULL, NULL, NULL, 'EST20250032', 'admin', NULL, NULL, 32);
INSERT INTO public.estudiante (estado, fecha_alta, fecha_baja, fecha_modificacion, motivo_baja, numero_inscripcion, usuario_alta, usuario_baja, usuario_modificacion, id_persona) VALUES ('activo', '2025-01-22', NULL, NULL, NULL, 'EST20250033', 'admin', NULL, NULL, 33);
INSERT INTO public.estudiante (estado, fecha_alta, fecha_baja, fecha_modificacion, motivo_baja, numero_inscripcion, usuario_alta, usuario_baja, usuario_modificacion, id_persona) VALUES ('activo', '2025-01-23', NULL, NULL, NULL, 'EST20250034', 'admin', NULL, NULL, 34);
INSERT INTO public.estudiante (estado, fecha_alta, fecha_baja, fecha_modificacion, motivo_baja, numero_inscripcion, usuario_alta, usuario_baja, usuario_modificacion, id_persona) VALUES ('activo', '2025-01-23', NULL, NULL, NULL, 'EST20250035', 'admin', NULL, NULL, 35);
INSERT INTO public.estudiante (estado, fecha_alta, fecha_baja, fecha_modificacion, motivo_baja, numero_inscripcion, usuario_alta, usuario_baja, usuario_modificacion, id_persona) VALUES ('activo', '2025-01-24', NULL, NULL, NULL, 'EST20250036', 'admin', NULL, NULL, 36);
INSERT INTO public.estudiante (estado, fecha_alta, fecha_baja, fecha_modificacion, motivo_baja, numero_inscripcion, usuario_alta, usuario_baja, usuario_modificacion, id_persona) VALUES ('activo', '2025-01-24', NULL, NULL, NULL, 'EST20250037', 'admin', NULL, NULL, 37);
INSERT INTO public.estudiante (estado, fecha_alta, fecha_baja, fecha_modificacion, motivo_baja, numero_inscripcion, usuario_alta, usuario_baja, usuario_modificacion, id_persona) VALUES ('activo', '2025-01-25', NULL, NULL, NULL, 'EST20250038', 'admin', NULL, NULL, 38);
INSERT INTO public.estudiante (estado, fecha_alta, fecha_baja, fecha_modificacion, motivo_baja, numero_inscripcion, usuario_alta, usuario_baja, usuario_modificacion, id_persona) VALUES ('activo', '2025-01-25', NULL, NULL, NULL, 'EST20250039', 'admin', NULL, NULL, 39);
INSERT INTO public.estudiante (estado, fecha_alta, fecha_baja, fecha_modificacion, motivo_baja, numero_inscripcion, usuario_alta, usuario_baja, usuario_modificacion, id_persona) VALUES ('activo', '2025-01-26', NULL, NULL, NULL, 'EST20250040', 'admin', NULL, NULL, 40);
INSERT INTO public.estudiante (estado, fecha_alta, fecha_baja, fecha_modificacion, motivo_baja, numero_inscripcion, usuario_alta, usuario_baja, usuario_modificacion, id_persona) VALUES ('activo', '2025-01-26', NULL, NULL, NULL, 'EST20250041', 'admin', NULL, NULL, 41);
INSERT INTO public.estudiante (estado, fecha_alta, fecha_baja, fecha_modificacion, motivo_baja, numero_inscripcion, usuario_alta, usuario_baja, usuario_modificacion, id_persona) VALUES ('activo', '2025-01-27', NULL, NULL, NULL, 'EST20250042', 'admin', NULL, NULL, 42);
INSERT INTO public.estudiante (estado, fecha_alta, fecha_baja, fecha_modificacion, motivo_baja, numero_inscripcion, usuario_alta, usuario_baja, usuario_modificacion, id_persona) VALUES ('activo', '2025-01-27', NULL, NULL, NULL, 'EST20250043', 'admin', NULL, NULL, 43);
INSERT INTO public.estudiante (estado, fecha_alta, fecha_baja, fecha_modificacion, motivo_baja, numero_inscripcion, usuario_alta, usuario_baja, usuario_modificacion, id_persona) VALUES ('activo', '2025-01-28', NULL, NULL, NULL, 'EST20250044', 'admin', NULL, NULL, 44);
INSERT INTO public.estudiante (estado, fecha_alta, fecha_baja, fecha_modificacion, motivo_baja, numero_inscripcion, usuario_alta, usuario_baja, usuario_modificacion, id_persona) VALUES ('activo', '2025-01-28', NULL, NULL, NULL, 'EST20250045', 'admin', NULL, NULL, 45);
INSERT INTO public.estudiante (estado, fecha_alta, fecha_baja, fecha_modificacion, motivo_baja, numero_inscripcion, usuario_alta, usuario_baja, usuario_modificacion, id_persona) VALUES ('activo', '2025-01-29', NULL, NULL, NULL, 'EST20250046', 'admin', NULL, NULL, 46);
INSERT INTO public.estudiante (estado, fecha_alta, fecha_baja, fecha_modificacion, motivo_baja, numero_inscripcion, usuario_alta, usuario_baja, usuario_modificacion, id_persona) VALUES ('activo', '2025-01-29', NULL, NULL, NULL, 'EST20250047', 'admin', NULL, NULL, 47);
INSERT INTO public.estudiante (estado, fecha_alta, fecha_baja, fecha_modificacion, motivo_baja, numero_inscripcion, usuario_alta, usuario_baja, usuario_modificacion, id_persona) VALUES ('activo', '2025-01-30', NULL, NULL, NULL, 'EST20250048', 'admin', NULL, NULL, 48);
INSERT INTO public.estudiante (estado, fecha_alta, fecha_baja, fecha_modificacion, motivo_baja, numero_inscripcion, usuario_alta, usuario_baja, usuario_modificacion, id_persona) VALUES ('activo', '2025-01-30', NULL, NULL, NULL, 'EST20250049', 'admin', NULL, NULL, 49);
INSERT INTO public.estudiante (estado, fecha_alta, fecha_baja, fecha_modificacion, motivo_baja, numero_inscripcion, usuario_alta, usuario_baja, usuario_modificacion, id_persona) VALUES ('activo', '2025-01-31', NULL, NULL, NULL, 'EST20250050', 'admin', NULL, NULL, 50);
INSERT INTO public.estudiante (estado, fecha_alta, fecha_baja, fecha_modificacion, motivo_baja, numero_inscripcion, usuario_alta, usuario_baja, usuario_modificacion, id_persona) VALUES ('activo', '2025-01-31', NULL, NULL, NULL, 'EST20250051', 'admin', NULL, NULL, 51);
INSERT INTO public.estudiante (estado, fecha_alta, fecha_baja, fecha_modificacion, motivo_baja, numero_inscripcion, usuario_alta, usuario_baja, usuario_modificacion, id_persona) VALUES ('activo', '2025-02-01', NULL, NULL, NULL, 'EST20250052', 'admin', NULL, NULL, 52);
INSERT INTO public.estudiante (estado, fecha_alta, fecha_baja, fecha_modificacion, motivo_baja, numero_inscripcion, usuario_alta, usuario_baja, usuario_modificacion, id_persona) VALUES ('activo', '2025-02-01', NULL, NULL, NULL, 'EST20250053', 'admin', NULL, NULL, 53);
INSERT INTO public.estudiante (estado, fecha_alta, fecha_baja, fecha_modificacion, motivo_baja, numero_inscripcion, usuario_alta, usuario_baja, usuario_modificacion, id_persona) VALUES ('activo', '2025-02-02', NULL, NULL, NULL, 'EST20250054', 'admin', NULL, NULL, 54);
INSERT INTO public.estudiante (estado, fecha_alta, fecha_baja, fecha_modificacion, motivo_baja, numero_inscripcion, usuario_alta, usuario_baja, usuario_modificacion, id_persona) VALUES ('activo', '2025-02-02', NULL, NULL, NULL, 'EST20250055', 'admin', NULL, NULL, 55);
INSERT INTO public.estudiante (estado, fecha_alta, fecha_baja, fecha_modificacion, motivo_baja, numero_inscripcion, usuario_alta, usuario_baja, usuario_modificacion, id_persona) VALUES ('activo', '2025-02-03', NULL, NULL, NULL, 'EST20250056', 'admin', NULL, NULL, 56);
INSERT INTO public.estudiante (estado, fecha_alta, fecha_baja, fecha_modificacion, motivo_baja, numero_inscripcion, usuario_alta, usuario_baja, usuario_modificacion, id_persona) VALUES ('activo', '2025-02-03', NULL, NULL, NULL, 'EST20250057', 'admin', NULL, NULL, 57);
INSERT INTO public.estudiante (estado, fecha_alta, fecha_baja, fecha_modificacion, motivo_baja, numero_inscripcion, usuario_alta, usuario_baja, usuario_modificacion, id_persona) VALUES ('activo', '2025-04-26', NULL, NULL, NULL, 'INSC123457', NULL, NULL, NULL, 64);
INSERT INTO public.estudiante (estado, fecha_alta, fecha_baja, fecha_modificacion, motivo_baja, numero_inscripcion, usuario_alta, usuario_baja, usuario_modificacion, id_persona) VALUES ('activo', '2025-04-26', NULL, '2025-04-26', NULL, 'INSC1234578', NULL, NULL, 'admin', 63);
INSERT INTO public.estudiante (estado, fecha_alta, fecha_baja, fecha_modificacion, motivo_baja, numero_inscripcion, usuario_alta, usuario_baja, usuario_modificacion, id_persona) VALUES (NULL, '2025-05-11', NULL, NULL, NULL, 'EST20230001', NULL, NULL, NULL, 1);
INSERT INTO public.estudiante (estado, fecha_alta, fecha_baja, fecha_modificacion, motivo_baja, numero_inscripcion, usuario_alta, usuario_baja, usuario_modificacion, id_persona) VALUES (NULL, '2025-05-11', NULL, NULL, NULL, 'EST20230002', NULL, NULL, NULL, 2);
INSERT INTO public.estudiante (estado, fecha_alta, fecha_baja, fecha_modificacion, motivo_baja, numero_inscripcion, usuario_alta, usuario_baja, usuario_modificacion, id_persona) VALUES (NULL, '2025-05-11', NULL, NULL, NULL, 'EST20230003', NULL, NULL, NULL, 3);
INSERT INTO public.estudiante (estado, fecha_alta, fecha_baja, fecha_modificacion, motivo_baja, numero_inscripcion, usuario_alta, usuario_baja, usuario_modificacion, id_persona) VALUES (NULL, '2025-05-11', NULL, NULL, NULL, 'EST20230004', NULL, NULL, NULL, 4);
INSERT INTO public.estudiante (estado, fecha_alta, fecha_baja, fecha_modificacion, motivo_baja, numero_inscripcion, usuario_alta, usuario_baja, usuario_modificacion, id_persona) VALUES (NULL, '2025-05-11', NULL, NULL, NULL, 'EST20230005', NULL, NULL, NULL, 5);
INSERT INTO public.estudiante (estado, fecha_alta, fecha_baja, fecha_modificacion, motivo_baja, numero_inscripcion, usuario_alta, usuario_baja, usuario_modificacion, id_persona) VALUES (NULL, '2025-05-11', NULL, NULL, NULL, 'EST20230006', NULL, NULL, NULL, 6);
INSERT INTO public.estudiante (estado, fecha_alta, fecha_baja, fecha_modificacion, motivo_baja, numero_inscripcion, usuario_alta, usuario_baja, usuario_modificacion, id_persona) VALUES (NULL, '2025-05-11', NULL, NULL, NULL, 'EST20230007', NULL, NULL, NULL, 7);
INSERT INTO public.estudiante (estado, fecha_alta, fecha_baja, fecha_modificacion, motivo_baja, numero_inscripcion, usuario_alta, usuario_baja, usuario_modificacion, id_persona) VALUES (NULL, '2025-05-11', NULL, NULL, NULL, 'EST20230008', NULL, NULL, NULL, 8);
INSERT INTO public.estudiante (estado, fecha_alta, fecha_baja, fecha_modificacion, motivo_baja, numero_inscripcion, usuario_alta, usuario_baja, usuario_modificacion, id_persona) VALUES (NULL, '2025-05-11', NULL, NULL, NULL, 'EST20230009', NULL, NULL, NULL, 9);
INSERT INTO public.estudiante (estado, fecha_alta, fecha_baja, fecha_modificacion, motivo_baja, numero_inscripcion, usuario_alta, usuario_baja, usuario_modificacion, id_persona) VALUES (NULL, '2025-05-11', NULL, NULL, NULL, 'EST20230010', NULL, NULL, NULL, 10);
INSERT INTO public.estudiante (estado, fecha_alta, fecha_baja, fecha_modificacion, motivo_baja, numero_inscripcion, usuario_alta, usuario_baja, usuario_modificacion, id_persona) VALUES ('inactivo', '2025-05-17', '2025-05-17', '2025-05-17', 'desercion', 'EST12345', 'admin', 'admin', 'admin', 65);


--
-- TOC entry 4947 (class 0 OID 17012)
-- Dependencies: 234
-- Data for Name: estudiante_materia; Type: TABLE DATA; Schema: public; Owner: postgres
--

INSERT INTO public.estudiante_materia (id_inscripcion, estado, fecha_baja, fecha_inscripcion, motivo_baja, usuario_alta, usuario_baja, id_persona, id_materia) VALUES (1, 'activa', NULL, '2025-05-18', NULL, 'admin', NULL, 1, 2);
INSERT INTO public.estudiante_materia (id_inscripcion, estado, fecha_baja, fecha_inscripcion, motivo_baja, usuario_alta, usuario_baja, id_persona, id_materia) VALUES (3, 'activa', NULL, '2025-05-18', NULL, 'admin', NULL, 3, 2);
INSERT INTO public.estudiante_materia (id_inscripcion, estado, fecha_baja, fecha_inscripcion, motivo_baja, usuario_alta, usuario_baja, id_persona, id_materia) VALUES (4, 'activa', NULL, '2025-05-18', NULL, 'admin', NULL, 3, 3);
INSERT INTO public.estudiante_materia (id_inscripcion, estado, fecha_baja, fecha_inscripcion, motivo_baja, usuario_alta, usuario_baja, id_persona, id_materia) VALUES (5, 'activa', NULL, '2025-05-18', NULL, 'admin', NULL, 3, 4);
INSERT INTO public.estudiante_materia (id_inscripcion, estado, fecha_baja, fecha_inscripcion, motivo_baja, usuario_alta, usuario_baja, id_persona, id_materia) VALUES (6, 'activa', NULL, '2025-05-18', NULL, 'admin', NULL, 3, 5);
INSERT INTO public.estudiante_materia (id_inscripcion, estado, fecha_baja, fecha_inscripcion, motivo_baja, usuario_alta, usuario_baja, id_persona, id_materia) VALUES (2, 'abandonada', '2025-05-18', '2025-05-18', 'abandono voluntario', 'admin', 'admin', 11, 11);


--
-- TOC entry 4931 (class 0 OID 16413)
-- Dependencies: 218
-- Data for Name: evaluacion_docente; Type: TABLE DATA; Schema: public; Owner: postgres
--



--
-- TOC entry 4933 (class 0 OID 16419)
-- Dependencies: 220
-- Data for Name: materia; Type: TABLE DATA; Schema: public; Owner: postgres
--

INSERT INTO public.materia (id_materia, codigo_unico, creditos, nombre_materia, version) VALUES (2, 'FIS301', 5, 'Fisica General I', 4);
INSERT INTO public.materia (id_materia, codigo_unico, creditos, nombre_materia, version) VALUES (17, 'FIS104', 3, 'Introduccion a Electromagnetismo', 3);
INSERT INTO public.materia (id_materia, codigo_unico, creditos, nombre_materia, version) VALUES (4, 'MAT102', 3, 'Algebra Lineal', 0);
INSERT INTO public.materia (id_materia, codigo_unico, creditos, nombre_materia, version) VALUES (5, 'INF402', 4, 'Base de Datos', 0);
INSERT INTO public.materia (id_materia, codigo_unico, creditos, nombre_materia, version) VALUES (6, 'MAT103', 4, 'Calculo', 0);
INSERT INTO public.materia (id_materia, codigo_unico, creditos, nombre_materia, version) VALUES (7, 'MAT104', 4, 'Cálculo II', 0);
INSERT INTO public.materia (id_materia, codigo_unico, creditos, nombre_materia, version) VALUES (8, 'MAT105', 4, 'Ecuaciones Diferenciales', 0);
INSERT INTO public.materia (id_materia, codigo_unico, creditos, nombre_materia, version) VALUES (9, 'MAT106', 3, 'Probabilidad y Estadística', 0);
INSERT INTO public.materia (id_materia, codigo_unico, creditos, nombre_materia, version) VALUES (10, 'MAT107', 3, 'Geometría Analítica', 0);
INSERT INTO public.materia (id_materia, codigo_unico, creditos, nombre_materia, version) VALUES (11, 'MAT108', 4, 'Cálculo Vectorial', 0);
INSERT INTO public.materia (id_materia, codigo_unico, creditos, nombre_materia, version) VALUES (12, 'MAT109', 3, 'Matemáticas Discretas', 0);
INSERT INTO public.materia (id_materia, codigo_unico, creditos, nombre_materia, version) VALUES (13, 'MAT110', 4, 'Análisis Numérico', 0);
INSERT INTO public.materia (id_materia, codigo_unico, creditos, nombre_materia, version) VALUES (14, 'FIS101', 4, 'Física I', 0);
INSERT INTO public.materia (id_materia, codigo_unico, creditos, nombre_materia, version) VALUES (15, 'FIS102', 4, 'Física II', 0);
INSERT INTO public.materia (id_materia, codigo_unico, creditos, nombre_materia, version) VALUES (16, 'FIS103', 3, 'Mecánica Clásica', 0);
INSERT INTO public.materia (id_materia, codigo_unico, creditos, nombre_materia, version) VALUES (18, 'FIS105', 4, 'Física Moderna', 0);
INSERT INTO public.materia (id_materia, codigo_unico, creditos, nombre_materia, version) VALUES (19, 'QUI101', 4, 'Química General', 0);
INSERT INTO public.materia (id_materia, codigo_unico, creditos, nombre_materia, version) VALUES (20, 'QUI102', 3, 'Química Orgánica', 0);
INSERT INTO public.materia (id_materia, codigo_unico, creditos, nombre_materia, version) VALUES (21, 'QUI103', 3, 'Química Analítica', 0);
INSERT INTO public.materia (id_materia, codigo_unico, creditos, nombre_materia, version) VALUES (22, 'INF102', 4, 'Estructuras de Datos', 0);
INSERT INTO public.materia (id_materia, codigo_unico, creditos, nombre_materia, version) VALUES (23, 'INF103', 4, 'Bases de Datos', 0);
INSERT INTO public.materia (id_materia, codigo_unico, creditos, nombre_materia, version) VALUES (24, 'INF104', 3, 'Sistemas Operativos', 0);
INSERT INTO public.materia (id_materia, codigo_unico, creditos, nombre_materia, version) VALUES (25, 'INF105', 4, 'Redes de Computadoras', 0);
INSERT INTO public.materia (id_materia, codigo_unico, creditos, nombre_materia, version) VALUES (26, 'INF106', 3, 'Ingeniería de Software', 0);
INSERT INTO public.materia (id_materia, codigo_unico, creditos, nombre_materia, version) VALUES (27, 'INF107', 4, 'Inteligencia Artificial', 0);
INSERT INTO public.materia (id_materia, codigo_unico, creditos, nombre_materia, version) VALUES (28, 'INF108', 3, 'Seguridad Informática', 0);
INSERT INTO public.materia (id_materia, codigo_unico, creditos, nombre_materia, version) VALUES (29, 'INF109', 4, 'Programación Web', 0);
INSERT INTO public.materia (id_materia, codigo_unico, creditos, nombre_materia, version) VALUES (30, 'INF110', 3, 'Desarrollo Móvil', 0);
INSERT INTO public.materia (id_materia, codigo_unico, creditos, nombre_materia, version) VALUES (31, 'ADM101', 3, 'Administración General', 0);
INSERT INTO public.materia (id_materia, codigo_unico, creditos, nombre_materia, version) VALUES (32, 'ADM102', 3, 'Contabilidad Básica', 0);
INSERT INTO public.materia (id_materia, codigo_unico, creditos, nombre_materia, version) VALUES (33, 'ADM103', 4, 'Economía I', 0);
INSERT INTO public.materia (id_materia, codigo_unico, creditos, nombre_materia, version) VALUES (34, 'ADM104', 3, 'Marketing', 0);
INSERT INTO public.materia (id_materia, codigo_unico, creditos, nombre_materia, version) VALUES (35, 'ADM105', 3, 'Gestión de Proyectos', 0);
INSERT INTO public.materia (id_materia, codigo_unico, creditos, nombre_materia, version) VALUES (36, 'ING101', 4, 'Inglés I', 0);
INSERT INTO public.materia (id_materia, codigo_unico, creditos, nombre_materia, version) VALUES (37, 'ING102', 4, 'Inglés II', 0);
INSERT INTO public.materia (id_materia, codigo_unico, creditos, nombre_materia, version) VALUES (38, 'ING103', 3, 'Inglés Técnico', 0);
INSERT INTO public.materia (id_materia, codigo_unico, creditos, nombre_materia, version) VALUES (39, 'SOC101', 3, 'Sociología', 0);
INSERT INTO public.materia (id_materia, codigo_unico, creditos, nombre_materia, version) VALUES (40, 'SOC102', 3, 'Psicología', 0);
INSERT INTO public.materia (id_materia, codigo_unico, creditos, nombre_materia, version) VALUES (41, 'SOC103', 3, 'Ética Profesional', 0);
INSERT INTO public.materia (id_materia, codigo_unico, creditos, nombre_materia, version) VALUES (42, 'DER101', 3, 'Derecho Básico', 0);
INSERT INTO public.materia (id_materia, codigo_unico, creditos, nombre_materia, version) VALUES (43, 'DER102', 3, 'Derecho Laboral', 0);
INSERT INTO public.materia (id_materia, codigo_unico, creditos, nombre_materia, version) VALUES (44, 'BIO101', 4, 'Biología General', 0);
INSERT INTO public.materia (id_materia, codigo_unico, creditos, nombre_materia, version) VALUES (45, 'BIO102', 3, 'Genética', 0);
INSERT INTO public.materia (id_materia, codigo_unico, creditos, nombre_materia, version) VALUES (46, 'BIO103', 3, 'Microbiología', 0);
INSERT INTO public.materia (id_materia, codigo_unico, creditos, nombre_materia, version) VALUES (47, 'EST101', 3, 'Estadística Descriptiva', 0);
INSERT INTO public.materia (id_materia, codigo_unico, creditos, nombre_materia, version) VALUES (48, 'EST102', 4, 'Estadística Inferencial', 0);
INSERT INTO public.materia (id_materia, codigo_unico, creditos, nombre_materia, version) VALUES (49, 'MAT111', 3, 'Optimización', 0);
INSERT INTO public.materia (id_materia, codigo_unico, creditos, nombre_materia, version) VALUES (50, 'MAT112', 4, 'Modelos Matemáticos', 0);
INSERT INTO public.materia (id_materia, codigo_unico, creditos, nombre_materia, version) VALUES (51, 'INF111', 3, 'Ciberseguridad', 0);
INSERT INTO public.materia (id_materia, codigo_unico, creditos, nombre_materia, version) VALUES (52, 'INF112', 4, 'Cloud Computing', 0);
INSERT INTO public.materia (id_materia, codigo_unico, creditos, nombre_materia, version) VALUES (53, 'ADM106', 3, 'Finanzas Corporativas', 0);
INSERT INTO public.materia (id_materia, codigo_unico, creditos, nombre_materia, version) VALUES (54, 'MAT113', 4, 'Cálculo III', 0);
INSERT INTO public.materia (id_materia, codigo_unico, creditos, nombre_materia, version) VALUES (3, 'INF101', 4, 'Programacion Basica', 1);
INSERT INTO public.materia (id_materia, codigo_unico, creditos, nombre_materia, version) VALUES (55, 'MAT114', 3, 'Teoría de Números', 0);
INSERT INTO public.materia (id_materia, codigo_unico, creditos, nombre_materia, version) VALUES (56, 'MAT115', 3, 'Lógica Matemática', 0);
INSERT INTO public.materia (id_materia, codigo_unico, creditos, nombre_materia, version) VALUES (57, 'FIS106', 3, 'Termodinámica', 0);
INSERT INTO public.materia (id_materia, codigo_unico, creditos, nombre_materia, version) VALUES (58, 'FIS107', 4, 'Óptica', 0);
INSERT INTO public.materia (id_materia, codigo_unico, creditos, nombre_materia, version) VALUES (59, 'QUI104', 3, 'Bioquímica', 0);
INSERT INTO public.materia (id_materia, codigo_unico, creditos, nombre_materia, version) VALUES (60, 'INF113', 3, 'Machine Learning', 0);
INSERT INTO public.materia (id_materia, codigo_unico, creditos, nombre_materia, version) VALUES (61, 'INF114', 4, 'Big Data', 0);
INSERT INTO public.materia (id_materia, codigo_unico, creditos, nombre_materia, version) VALUES (1, 'MAT101', 4, 'Calculo I', 0);


--
-- TOC entry 4934 (class 0 OID 16424)
-- Dependencies: 221
-- Data for Name: materia_prerequisito; Type: TABLE DATA; Schema: public; Owner: postgres
--



--
-- TOC entry 4936 (class 0 OID 16428)
-- Dependencies: 223
-- Data for Name: persona; Type: TABLE DATA; Schema: public; Owner: postgres
--

INSERT INTO public.persona (id_persona, apellido, email, fecha_nacimiento, nombre, version) VALUES (1, 'Pérez', 'juan.perez@email.com', '1995-03-15', 'Juan', NULL);
INSERT INTO public.persona (id_persona, apellido, email, fecha_nacimiento, nombre, version) VALUES (2, 'González', 'maria.gonzalez@email.com', '1998-07-22', 'María', NULL);
INSERT INTO public.persona (id_persona, apellido, email, fecha_nacimiento, nombre, version) VALUES (3, 'López', 'carlos.lopez@email.com', '1997-11-30', 'Carlos', NULL);
INSERT INTO public.persona (id_persona, apellido, email, fecha_nacimiento, nombre, version) VALUES (4, 'Martínez', 'ana.martinez@email.com', '1996-05-18', 'Ana', NULL);
INSERT INTO public.persona (id_persona, apellido, email, fecha_nacimiento, nombre, version) VALUES (5, 'Sánchez', 'pedro.sanchez@email.com', '1999-02-10', 'Pedro', NULL);
INSERT INTO public.persona (id_persona, apellido, email, fecha_nacimiento, nombre, version) VALUES (6, 'Rodríguez', 'laura.rodriguez@email.com', '1994-09-25', 'Laura', NULL);
INSERT INTO public.persona (id_persona, apellido, email, fecha_nacimiento, nombre, version) VALUES (7, 'Fernández', 'miguel.fernandez@email.com', '1993-12-05', 'Miguel', NULL);
INSERT INTO public.persona (id_persona, apellido, email, fecha_nacimiento, nombre, version) VALUES (8, 'Díaz', 'sofia.diaz@email.com', '1997-04-12', 'Sofía', NULL);
INSERT INTO public.persona (id_persona, apellido, email, fecha_nacimiento, nombre, version) VALUES (9, 'Ruiz', 'david.ruiz@email.com', '1998-08-20', 'David', NULL);
INSERT INTO public.persona (id_persona, apellido, email, fecha_nacimiento, nombre, version) VALUES (10, 'Hernández', 'elena.hernandez@email.com', '1995-01-30', 'Elena', NULL);
INSERT INTO public.persona (id_persona, apellido, email, fecha_nacimiento, nombre, version) VALUES (11, 'Pérez', 'juan.perezz@email.com', '1990-05-15', 'Juan', NULL);
INSERT INTO public.persona (id_persona, apellido, email, fecha_nacimiento, nombre, version) VALUES (12, 'Gómez', 'maria.gomez@email.com', '1988-11-22', 'María', NULL);
INSERT INTO public.persona (id_persona, apellido, email, fecha_nacimiento, nombre, version) VALUES (13, 'López', 'carlos.lopezz@email.com', '1995-03-10', 'Carlos', NULL);
INSERT INTO public.persona (id_persona, apellido, email, fecha_nacimiento, nombre, version) VALUES (14, 'Martínez', 'ana.martinezz@email.com', '1992-07-30', 'Ana', NULL);
INSERT INTO public.persona (id_persona, apellido, email, fecha_nacimiento, nombre, version) VALUES (15, 'Rodríguez', 'luis.rodriguez@email.com', '1985-09-05', 'Luis', NULL);
INSERT INTO public.persona (id_persona, apellido, email, fecha_nacimiento, nombre, version) VALUES (16, 'Hernández', 'sofia.hernandez@email.com', '1998-01-12', 'Sofía', NULL);
INSERT INTO public.persona (id_persona, apellido, email, fecha_nacimiento, nombre, version) VALUES (17, 'García', 'diego.garcia@email.com', '1993-04-25', 'Diego', NULL);
INSERT INTO public.persona (id_persona, apellido, email, fecha_nacimiento, nombre, version) VALUES (18, 'Fernández', 'laura.fernandez@email.com', '1990-12-18', 'Laura', NULL);
INSERT INTO public.persona (id_persona, apellido, email, fecha_nacimiento, nombre, version) VALUES (19, 'Sánchez', 'pedro.sanchezz@email.com', '1987-06-08', 'Pedro', NULL);
INSERT INTO public.persona (id_persona, apellido, email, fecha_nacimiento, nombre, version) VALUES (20, 'Ramírez', 'elena.ramirez@email.com', '1996-02-14', 'Elena', NULL);
INSERT INTO public.persona (id_persona, apellido, email, fecha_nacimiento, nombre, version) VALUES (21, 'Torres', 'miguel.torres@email.com', '1989-10-20', 'Miguel', NULL);
INSERT INTO public.persona (id_persona, apellido, email, fecha_nacimiento, nombre, version) VALUES (22, 'Vega', 'carmen.vega@email.com', '1994-08-03', 'Carmen', NULL);
INSERT INTO public.persona (id_persona, apellido, email, fecha_nacimiento, nombre, version) VALUES (23, 'Molina', 'javier.molina@email.com', '1991-11-27', 'Javier', NULL);
INSERT INTO public.persona (id_persona, apellido, email, fecha_nacimiento, nombre, version) VALUES (24, 'Ortega', 'isabel.ortega@email.com', '1986-03-19', 'Isabel', NULL);
INSERT INTO public.persona (id_persona, apellido, email, fecha_nacimiento, nombre, version) VALUES (25, 'Reyes', 'andres.reyes@email.com', '1997-05-02', 'Andrés', NULL);
INSERT INTO public.persona (id_persona, apellido, email, fecha_nacimiento, nombre, version) VALUES (26, 'Castro', 'lucia.castro@email.com', '1990-09-09', 'Lucía', NULL);
INSERT INTO public.persona (id_persona, apellido, email, fecha_nacimiento, nombre, version) VALUES (27, 'Ruiz', 'fernando.ruiz@email.com', '1988-12-15', 'Fernando', NULL);
INSERT INTO public.persona (id_persona, apellido, email, fecha_nacimiento, nombre, version) VALUES (28, 'Jiménez', 'clara.jimenez@email.com', '1995-06-23', 'Clara', NULL);
INSERT INTO public.persona (id_persona, apellido, email, fecha_nacimiento, nombre, version) VALUES (29, 'Moreno', 'raul.moreno@email.com', '1992-02-07', 'Raúl', NULL);
INSERT INTO public.persona (id_persona, apellido, email, fecha_nacimiento, nombre, version) VALUES (30, 'Álvarez', 'paula.alvarez@email.com', '1989-04-11', 'Paula', NULL);
INSERT INTO public.persona (id_persona, apellido, email, fecha_nacimiento, nombre, version) VALUES (31, 'Romero', 'gabriel.romero@email.com', '1993-07-16', 'Gabriel', NULL);
INSERT INTO public.persona (id_persona, apellido, email, fecha_nacimiento, nombre, version) VALUES (32, 'Díaz', 'marta.diaz@email.com', '1996-10-30', 'Marta', NULL);
INSERT INTO public.persona (id_persona, apellido, email, fecha_nacimiento, nombre, version) VALUES (33, 'Vargas', 'oscar.vargas@email.com', '1987-01-25', 'Óscar', NULL);
INSERT INTO public.persona (id_persona, apellido, email, fecha_nacimiento, nombre, version) VALUES (34, 'Flores', 'alicia.flores@email.com', '1994-03-08', 'Alicia', NULL);
INSERT INTO public.persona (id_persona, apellido, email, fecha_nacimiento, nombre, version) VALUES (35, 'Herrera', 'ruben.herrera@email.com', '1991-05-21', 'Rubén', NULL);
INSERT INTO public.persona (id_persona, apellido, email, fecha_nacimiento, nombre, version) VALUES (36, 'Medina', 'beatriz.medina@email.com', '1988-08-14', 'Beatriz', NULL);
INSERT INTO public.persona (id_persona, apellido, email, fecha_nacimiento, nombre, version) VALUES (37, 'Cruz', 'ivan.cruz@email.com', '1995-11-06', 'Iván', NULL);
INSERT INTO public.persona (id_persona, apellido, email, fecha_nacimiento, nombre, version) VALUES (38, 'Ramos', 'natalia.ramos@email.com', '1990-02-28', 'Natalia', NULL);
INSERT INTO public.persona (id_persona, apellido, email, fecha_nacimiento, nombre, version) VALUES (39, 'Silva', 'hector.silva@email.com', '1986-07-04', 'Héctor', NULL);
INSERT INTO public.persona (id_persona, apellido, email, fecha_nacimiento, nombre, version) VALUES (40, 'Mendoza', 'sara.mendoza@email.com', '1993-09-17', 'Sara', NULL);
INSERT INTO public.persona (id_persona, apellido, email, fecha_nacimiento, nombre, version) VALUES (41, 'Guerrero', 'jorge.guerrero@email.com', '1989-12-01', 'Jorge', NULL);
INSERT INTO public.persona (id_persona, apellido, email, fecha_nacimiento, nombre, version) VALUES (42, 'Paredes', 'valeria.paredes@email.com', '1997-04-13', 'Valeria', NULL);
INSERT INTO public.persona (id_persona, apellido, email, fecha_nacimiento, nombre, version) VALUES (43, 'Campos', 'eduardo.campos@email.com', '1992-06-26', 'Eduardo', NULL);
INSERT INTO public.persona (id_persona, apellido, email, fecha_nacimiento, nombre, version) VALUES (44, 'Soto', 'patricia.soto@email.com', '1988-10-09', 'Patricia', NULL);
INSERT INTO public.persona (id_persona, apellido, email, fecha_nacimiento, nombre, version) VALUES (45, 'Rojas', 'daniel.rojas@email.com', '1994-01-22', 'Daniel', NULL);
INSERT INTO public.persona (id_persona, apellido, email, fecha_nacimiento, nombre, version) VALUES (46, 'Fuentes', 'lorena.fuentes@email.com', '1990-03-05', 'Lorena', NULL);
INSERT INTO public.persona (id_persona, apellido, email, fecha_nacimiento, nombre, version) VALUES (47, 'Cabrera', 'victor.cabrera@email.com', '1987-05-18', 'Víctor', NULL);
INSERT INTO public.persona (id_persona, apellido, email, fecha_nacimiento, nombre, version) VALUES (48, 'Luna', 'cristina.luna@email.com', '1995-08-31', 'Cristina', NULL);
INSERT INTO public.persona (id_persona, apellido, email, fecha_nacimiento, nombre, version) VALUES (49, 'Aguilar', 'manuel.aguilar@email.com', '1991-11-14', 'Manuel', NULL);
INSERT INTO public.persona (id_persona, apellido, email, fecha_nacimiento, nombre, version) VALUES (50, 'Valencia', 'marina.valencia@email.com', '1989-02-06', 'Marina', NULL);
INSERT INTO public.persona (id_persona, apellido, email, fecha_nacimiento, nombre, version) VALUES (51, 'Montero', 'felipe.montero@email.com', '1996-04-29', 'Felipe', NULL);
INSERT INTO public.persona (id_persona, apellido, email, fecha_nacimiento, nombre, version) VALUES (52, 'Espinoza', 'silvia.espinoza@email.com', '1993-07-12', 'Silvia', NULL);
INSERT INTO public.persona (id_persona, apellido, email, fecha_nacimiento, nombre, version) VALUES (53, 'Salazar', 'adrian.salazar@email.com', '1988-09-25', 'Adrián', NULL);
INSERT INTO public.persona (id_persona, apellido, email, fecha_nacimiento, nombre, version) VALUES (54, 'Núñez', 'rebeca.nunez@email.com', '1990-12-08', 'Rebeca', NULL);
INSERT INTO public.persona (id_persona, apellido, email, fecha_nacimiento, nombre, version) VALUES (55, 'Pinto', 'gonzalo.pinto@email.com', '1994-02-21', 'Gonzalo', NULL);
INSERT INTO public.persona (id_persona, apellido, email, fecha_nacimiento, nombre, version) VALUES (56, 'Cordero', 'lidia.cordero@email.com', '1987-04-04', 'Lidia', NULL);
INSERT INTO public.persona (id_persona, apellido, email, fecha_nacimiento, nombre, version) VALUES (57, 'Barrera', 'tomas.barrera@email.com', '1992-06-17', 'Tomás', NULL);
INSERT INTO public.persona (id_persona, apellido, email, fecha_nacimiento, nombre, version) VALUES (58, 'Ríos', 'emma.rios@email.com', '1995-09-30', 'Emma', NULL);
INSERT INTO public.persona (id_persona, apellido, email, fecha_nacimiento, nombre, version) VALUES (59, 'Navarro', 'sebastian.navarro@email.com', '1989-11-12', 'Sebastián', NULL);
INSERT INTO public.persona (id_persona, apellido, email, fecha_nacimiento, nombre, version) VALUES (60, 'Mora', 'ines.mora@email.com', '1991-01-25', 'Inés', NULL);
INSERT INTO public.persona (id_persona, apellido, email, fecha_nacimiento, nombre, version) VALUES (61, 'Pérez', 'carla.perezz@email.com', '1990-05-15', 'Carla', NULL);
INSERT INTO public.persona (id_persona, apellido, email, fecha_nacimiento, nombre, version) VALUES (62, 'Gómez', 'flavia.gomez@email.com', '1988-11-22', 'Flavia', NULL);
INSERT INTO public.persona (id_persona, apellido, email, fecha_nacimiento, nombre, version) VALUES (64, 'Gomez', 'carlos.gomez@example.com', '2000-04-10', 'Carlos', NULL);
INSERT INTO public.persona (id_persona, apellido, email, fecha_nacimiento, nombre, version) VALUES (63, 'Torrez', 'carla.torrez@example.com', '2000-04-10', 'Carla', NULL);
INSERT INTO public.persona (id_persona, apellido, email, fecha_nacimiento, nombre, version) VALUES (66, 'García', 'laura.garcia@universidad.com', '1985-07-15', 'Laura', 0);
INSERT INTO public.persona (id_persona, apellido, email, fecha_nacimiento, nombre, version) VALUES (65, 'Lopez', 'ana.m.lopez@example.com', '2000-05-15', 'Ana Maria', 2);
INSERT INTO public.persona (id_persona, apellido, email, fecha_nacimiento, nombre, version) VALUES (68, 'García', 'laura.garcia2@universidad.com', '1985-07-15', 'Laura', 2);
INSERT INTO public.persona (id_persona, apellido, email, fecha_nacimiento, nombre, version) VALUES (69, 'Ramírez', 'carlos.ramirez2@universidad.com', '1978-11-23', 'Carlos', 2);
INSERT INTO public.persona (id_persona, apellido, email, fecha_nacimiento, nombre, version) VALUES (70, 'López', 'maria.lopez2@universidad.com', '1990-03-10', 'María', 2);
INSERT INTO public.persona (id_persona, apellido, email, fecha_nacimiento, nombre, version) VALUES (71, 'Martínez', 'jose.martinez2@universidad.com', '1982-06-18', 'José', 2);
INSERT INTO public.persona (id_persona, apellido, email, fecha_nacimiento, nombre, version) VALUES (72, 'Pérez', 'ana.perez2@universidad.com', '1995-09-30', 'Ana', 2);
INSERT INTO public.persona (id_persona, apellido, email, fecha_nacimiento, nombre, version) VALUES (73, 'Sánchez', 'luis.sanchez2@universidad.com', '1988-12-05', 'Luis', 2);
INSERT INTO public.persona (id_persona, apellido, email, fecha_nacimiento, nombre, version) VALUES (74, 'Torres', 'sofia.torres2@universidad.com', '1993-04-22', 'Sofía', 2);
INSERT INTO public.persona (id_persona, apellido, email, fecha_nacimiento, nombre, version) VALUES (75, 'Gómez', 'andres.gomez2@universidad.com', '1980-08-14', 'Andrés', 2);
INSERT INTO public.persona (id_persona, apellido, email, fecha_nacimiento, nombre, version) VALUES (76, 'Hernández', 'paula.hernandez2@universidad.com', '1987-01-19', 'Paula', 2);
INSERT INTO public.persona (id_persona, apellido, email, fecha_nacimiento, nombre, version) VALUES (77, 'Ruiz', 'miguel.ruiz2@universidad.com', '1991-05-25', 'Miguel', 2);


--
-- TOC entry 4941 (class 0 OID 16505)
-- Dependencies: 228
-- Data for Name: roles; Type: TABLE DATA; Schema: public; Owner: postgres
--

INSERT INTO public.roles (id, nombre) VALUES (1, 'ROL_ADMIN');
INSERT INTO public.roles (id, nombre) VALUES (2, 'ROL_DOCENTE');
INSERT INTO public.roles (id, nombre) VALUES (3, 'ROL_ESTUDIANTE');


--
-- TOC entry 4938 (class 0 OID 16484)
-- Dependencies: 225
-- Data for Name: spring_session; Type: TABLE DATA; Schema: public; Owner: postgres
--



--
-- TOC entry 4939 (class 0 OID 16492)
-- Dependencies: 226
-- Data for Name: spring_session_attributes; Type: TABLE DATA; Schema: public; Owner: postgres
--



--
-- TOC entry 4937 (class 0 OID 16479)
-- Dependencies: 224
-- Data for Name: unidad_tematica; Type: TABLE DATA; Schema: public; Owner: postgres
--

INSERT INTO public.unidad_tematica (id, descripcion, titulo, materia_id) VALUES (4, 'Variables, tipos de datos, operadores', 'Introducción a POO', 1);
INSERT INTO public.unidad_tematica (id, descripcion, titulo, materia_id) VALUES (5, 'A', 'POO', 2);
INSERT INTO public.unidad_tematica (id, descripcion, titulo, materia_id) VALUES (6, 'B', 'POO II', 2);


--
-- TOC entry 4942 (class 0 OID 16511)
-- Dependencies: 229
-- Data for Name: usuario_roles; Type: TABLE DATA; Schema: public; Owner: postgres
--

INSERT INTO public.usuario_roles (usuario_id, rol_id) VALUES (1, 1);
INSERT INTO public.usuario_roles (usuario_id, rol_id) VALUES (2, 3);
INSERT INTO public.usuario_roles (usuario_id, rol_id) VALUES (3, 2);
INSERT INTO public.usuario_roles (usuario_id, rol_id) VALUES (4, 3);
INSERT INTO public.usuario_roles (usuario_id, rol_id) VALUES (5, 1);


--
-- TOC entry 4944 (class 0 OID 16517)
-- Dependencies: 231
-- Data for Name: usuarios; Type: TABLE DATA; Schema: public; Owner: postgres
--

INSERT INTO public.usuarios (id, activo, apellido, email, nombre, password, username) VALUES (1, true, 'Sistema', 'admin@universidad.com', 'Administrador', '$2a$10$2ItRtkQNn4fHQgNO/KrtqOXPN3ey7DYzUOx6I4rqw1XXJwBvREu7e', 'admin');
INSERT INTO public.usuarios (id, activo, apellido, email, nombre, password, username) VALUES (2, true, 'Pérez', 'juan@mail.com', 'Juan', '$2a$10$r/EcyBUnYPcOpIB/DDoiG.iy2LChYuLGTW6RN3jXrITS9iNQbtev.', 'juan1234');
INSERT INTO public.usuarios (id, activo, apellido, email, nombre, password, username) VALUES (3, true, 'Lopez', 'docente@mail.com', 'Docente', '$2a$10$/qSXv4y.w32ykuXx.nWxzeJ3P.YsD4VICm9RHN7WkkZpk/ibb4/JO', 'docente');
INSERT INTO public.usuarios (id, activo, apellido, email, nombre, password, username) VALUES (4, true, 'Test', 'usuario@test.com', 'Usuario', '$2a$10$yhZJWCx/an8LcIiEY239YeTaTzJGJcOPJjBP01J7q9luRjZ89iBae', 'usuarioTest');
INSERT INTO public.usuarios (id, activo, apellido, email, nombre, password, username) VALUES (5, true, 'Poma', 'michelle@example.com', 'Michelle', '$2a$10$QiBRUbOkMAqvh/RLTKFhrOHHukMbNiC.YNrZKh11PB/agEhftF.XO', 'michelle');


--
-- TOC entry 4954 (class 0 OID 0)
-- Dependencies: 233
-- Name: estudiante_materia_id_inscripcion_seq; Type: SEQUENCE SET; Schema: public; Owner: postgres
--

SELECT pg_catalog.setval('public.estudiante_materia_id_inscripcion_seq', 6, true);


--
-- TOC entry 4955 (class 0 OID 0)
-- Dependencies: 217
-- Name: evaluacion_docente_id_seq; Type: SEQUENCE SET; Schema: public; Owner: postgres
--

SELECT pg_catalog.setval('public.evaluacion_docente_id_seq', 1, false);


--
-- TOC entry 4956 (class 0 OID 0)
-- Dependencies: 219
-- Name: materia_id_materia_seq; Type: SEQUENCE SET; Schema: public; Owner: postgres
--

SELECT pg_catalog.setval('public.materia_id_materia_seq', 62, true);


--
-- TOC entry 4957 (class 0 OID 0)
-- Dependencies: 222
-- Name: persona_id_persona_seq; Type: SEQUENCE SET; Schema: public; Owner: postgres
--

SELECT pg_catalog.setval('public.persona_id_persona_seq', 77, true);


--
-- TOC entry 4958 (class 0 OID 0)
-- Dependencies: 227
-- Name: roles_id_seq; Type: SEQUENCE SET; Schema: public; Owner: postgres
--

SELECT pg_catalog.setval('public.roles_id_seq', 3, true);


--
-- TOC entry 4959 (class 0 OID 0)
-- Dependencies: 230
-- Name: usuarios_id_seq; Type: SEQUENCE SET; Schema: public; Owner: postgres
--

SELECT pg_catalog.setval('public.usuarios_id_seq', 5, true);


--
-- TOC entry 4770 (class 2606 OID 16935)
-- Name: docente_materia docente_materia_pkey; Type: CONSTRAINT; Schema: public; Owner: postgres
--

ALTER TABLE ONLY public.docente_materia
    ADD CONSTRAINT docente_materia_pkey PRIMARY KEY (id_materia, id_persona);


--
-- TOC entry 4735 (class 2606 OID 16401)
-- Name: docente docente_pkey; Type: CONSTRAINT; Schema: public; Owner: postgres
--

ALTER TABLE ONLY public.docente
    ADD CONSTRAINT docente_pkey PRIMARY KEY (id_persona);


--
-- TOC entry 4772 (class 2606 OID 17019)
-- Name: estudiante_materia estudiante_materia_pkey; Type: CONSTRAINT; Schema: public; Owner: postgres
--

ALTER TABLE ONLY public.estudiante_materia
    ADD CONSTRAINT estudiante_materia_pkey PRIMARY KEY (id_inscripcion);


--
-- TOC entry 4739 (class 2606 OID 16408)
-- Name: estudiante estudiante_pkey; Type: CONSTRAINT; Schema: public; Owner: postgres
--

ALTER TABLE ONLY public.estudiante
    ADD CONSTRAINT estudiante_pkey PRIMARY KEY (id_persona);


--
-- TOC entry 4743 (class 2606 OID 16417)
-- Name: evaluacion_docente evaluacion_docente_pkey; Type: CONSTRAINT; Schema: public; Owner: postgres
--

ALTER TABLE ONLY public.evaluacion_docente
    ADD CONSTRAINT evaluacion_docente_pkey PRIMARY KEY (id);


--
-- TOC entry 4745 (class 2606 OID 16423)
-- Name: materia materia_pkey; Type: CONSTRAINT; Schema: public; Owner: postgres
--

ALTER TABLE ONLY public.materia
    ADD CONSTRAINT materia_pkey PRIMARY KEY (id_materia);


--
-- TOC entry 4749 (class 2606 OID 16432)
-- Name: persona persona_pkey; Type: CONSTRAINT; Schema: public; Owner: postgres
--

ALTER TABLE ONLY public.persona
    ADD CONSTRAINT persona_pkey PRIMARY KEY (id_persona);


--
-- TOC entry 4760 (class 2606 OID 16510)
-- Name: roles roles_pkey; Type: CONSTRAINT; Schema: public; Owner: postgres
--

ALTER TABLE ONLY public.roles
    ADD CONSTRAINT roles_pkey PRIMARY KEY (id);


--
-- TOC entry 4758 (class 2606 OID 16498)
-- Name: spring_session_attributes spring_session_attributes_pk; Type: CONSTRAINT; Schema: public; Owner: postgres
--

ALTER TABLE ONLY public.spring_session_attributes
    ADD CONSTRAINT spring_session_attributes_pk PRIMARY KEY (session_primary_id, attribute_name);


--
-- TOC entry 4756 (class 2606 OID 16488)
-- Name: spring_session spring_session_pk; Type: CONSTRAINT; Schema: public; Owner: postgres
--

ALTER TABLE ONLY public.spring_session
    ADD CONSTRAINT spring_session_pk PRIMARY KEY (primary_id);


--
-- TOC entry 4747 (class 2606 OID 16438)
-- Name: materia uk748rrsdphs5op80v26diqfgkc; Type: CONSTRAINT; Schema: public; Owner: postgres
--

ALTER TABLE ONLY public.materia
    ADD CONSTRAINT uk748rrsdphs5op80v26diqfgkc UNIQUE (codigo_unico);


--
-- TOC entry 4737 (class 2606 OID 16434)
-- Name: docente ukaetsk7g7ubv14rsj0xuhdauij; Type: CONSTRAINT; Schema: public; Owner: postgres
--

ALTER TABLE ONLY public.docente
    ADD CONSTRAINT ukaetsk7g7ubv14rsj0xuhdauij UNIQUE (nro_empleado);


--
-- TOC entry 4751 (class 2606 OID 16440)
-- Name: persona ukbfxfxg15pmy0c1imvi6ucoeem; Type: CONSTRAINT; Schema: public; Owner: postgres
--

ALTER TABLE ONLY public.persona
    ADD CONSTRAINT ukbfxfxg15pmy0c1imvi6ucoeem UNIQUE (email);


--
-- TOC entry 4741 (class 2606 OID 16436)
-- Name: estudiante ukdkd3lvttsx8v53c40i4dpwy6c; Type: CONSTRAINT; Schema: public; Owner: postgres
--

ALTER TABLE ONLY public.estudiante
    ADD CONSTRAINT ukdkd3lvttsx8v53c40i4dpwy6c UNIQUE (numero_inscripcion);


--
-- TOC entry 4764 (class 2606 OID 16525)
-- Name: usuarios ukkfsp0s1tflm1cwlj8idhqsad0; Type: CONSTRAINT; Schema: public; Owner: postgres
--

ALTER TABLE ONLY public.usuarios
    ADD CONSTRAINT ukkfsp0s1tflm1cwlj8idhqsad0 UNIQUE (email);


--
-- TOC entry 4766 (class 2606 OID 16527)
-- Name: usuarios ukm2dvbwfge291euvmk6vkkocao; Type: CONSTRAINT; Schema: public; Owner: postgres
--

ALTER TABLE ONLY public.usuarios
    ADD CONSTRAINT ukm2dvbwfge291euvmk6vkkocao UNIQUE (username);


--
-- TOC entry 4762 (class 2606 OID 16515)
-- Name: usuario_roles usuario_roles_pkey; Type: CONSTRAINT; Schema: public; Owner: postgres
--

ALTER TABLE ONLY public.usuario_roles
    ADD CONSTRAINT usuario_roles_pkey PRIMARY KEY (usuario_id, rol_id);


--
-- TOC entry 4768 (class 2606 OID 16523)
-- Name: usuarios usuarios_pkey; Type: CONSTRAINT; Schema: public; Owner: postgres
--

ALTER TABLE ONLY public.usuarios
    ADD CONSTRAINT usuarios_pkey PRIMARY KEY (id);


--
-- TOC entry 4752 (class 1259 OID 16489)
-- Name: spring_session_ix1; Type: INDEX; Schema: public; Owner: postgres
--

CREATE UNIQUE INDEX spring_session_ix1 ON public.spring_session USING btree (session_id);


--
-- TOC entry 4753 (class 1259 OID 16490)
-- Name: spring_session_ix2; Type: INDEX; Schema: public; Owner: postgres
--

CREATE INDEX spring_session_ix2 ON public.spring_session USING btree (expiry_time);


--
-- TOC entry 4754 (class 1259 OID 16491)
-- Name: spring_session_ix3; Type: INDEX; Schema: public; Owner: postgres
--

CREATE INDEX spring_session_ix3 ON public.spring_session USING btree (principal_name);


--
-- TOC entry 4775 (class 2606 OID 16461)
-- Name: evaluacion_docente fk50hn6rqg8ecty0mnd4o9afquw; Type: FK CONSTRAINT; Schema: public; Owner: postgres
--

ALTER TABLE ONLY public.evaluacion_docente
    ADD CONSTRAINT fk50hn6rqg8ecty0mnd4o9afquw FOREIGN KEY (docente_id) REFERENCES public.docente(id_persona);


--
-- TOC entry 4776 (class 2606 OID 16471)
-- Name: materia_prerequisito fk6xri56dw6aa2f49dl3ywyaida; Type: FK CONSTRAINT; Schema: public; Owner: postgres
--

ALTER TABLE ONLY public.materia_prerequisito
    ADD CONSTRAINT fk6xri56dw6aa2f49dl3ywyaida FOREIGN KEY (id_materia) REFERENCES public.materia(id_materia);


--
-- TOC entry 4781 (class 2606 OID 16941)
-- Name: docente_materia fk_docente; Type: FK CONSTRAINT; Schema: public; Owner: postgres
--

ALTER TABLE ONLY public.docente_materia
    ADD CONSTRAINT fk_docente FOREIGN KEY (id_persona) REFERENCES public.docente(id_persona);


--
-- TOC entry 4782 (class 2606 OID 16936)
-- Name: docente_materia fk_materia; Type: FK CONSTRAINT; Schema: public; Owner: postgres
--

ALTER TABLE ONLY public.docente_materia
    ADD CONSTRAINT fk_materia FOREIGN KEY (id_materia) REFERENCES public.materia(id_materia);


--
-- TOC entry 4783 (class 2606 OID 17025)
-- Name: estudiante_materia fkb2jry9002dtsjlmphvkayteqe; Type: FK CONSTRAINT; Schema: public; Owner: postgres
--

ALTER TABLE ONLY public.estudiante_materia
    ADD CONSTRAINT fkb2jry9002dtsjlmphvkayteqe FOREIGN KEY (id_materia) REFERENCES public.materia(id_materia);


--
-- TOC entry 4779 (class 2606 OID 16528)
-- Name: usuario_roles fkbt9i9yrb9ug88xnh82n9m60pr; Type: FK CONSTRAINT; Schema: public; Owner: postgres
--

ALTER TABLE ONLY public.usuario_roles
    ADD CONSTRAINT fkbt9i9yrb9ug88xnh82n9m60pr FOREIGN KEY (rol_id) REFERENCES public.roles(id);


--
-- TOC entry 4777 (class 2606 OID 16466)
-- Name: materia_prerequisito fkfuesuexu1im62yl7xdbs24pqg; Type: FK CONSTRAINT; Schema: public; Owner: postgres
--

ALTER TABLE ONLY public.materia_prerequisito
    ADD CONSTRAINT fkfuesuexu1im62yl7xdbs24pqg FOREIGN KEY (id_prerequisito) REFERENCES public.materia(id_materia);


--
-- TOC entry 4774 (class 2606 OID 16446)
-- Name: estudiante fkhffieau25rgbm9yn18j9d68ba; Type: FK CONSTRAINT; Schema: public; Owner: postgres
--

ALTER TABLE ONLY public.estudiante
    ADD CONSTRAINT fkhffieau25rgbm9yn18j9d68ba FOREIGN KEY (id_persona) REFERENCES public.persona(id_persona);


--
-- TOC entry 4773 (class 2606 OID 16441)
-- Name: docente fkivfm9r2g4r0jmxoepjykrhccr; Type: FK CONSTRAINT; Schema: public; Owner: postgres
--

ALTER TABLE ONLY public.docente
    ADD CONSTRAINT fkivfm9r2g4r0jmxoepjykrhccr FOREIGN KEY (id_persona) REFERENCES public.persona(id_persona);


--
-- TOC entry 4784 (class 2606 OID 17020)
-- Name: estudiante_materia fkjyx9sab26k110r77qx58whn9m; Type: FK CONSTRAINT; Schema: public; Owner: postgres
--

ALTER TABLE ONLY public.estudiante_materia
    ADD CONSTRAINT fkjyx9sab26k110r77qx58whn9m FOREIGN KEY (id_persona) REFERENCES public.estudiante(id_persona);


--
-- TOC entry 4780 (class 2606 OID 16533)
-- Name: usuario_roles fkuu9tea04xb29m2km5lwe46ua; Type: FK CONSTRAINT; Schema: public; Owner: postgres
--

ALTER TABLE ONLY public.usuario_roles
    ADD CONSTRAINT fkuu9tea04xb29m2km5lwe46ua FOREIGN KEY (usuario_id) REFERENCES public.usuarios(id);


--
-- TOC entry 4778 (class 2606 OID 16499)
-- Name: spring_session_attributes spring_session_attributes_fk; Type: FK CONSTRAINT; Schema: public; Owner: postgres
--

ALTER TABLE ONLY public.spring_session_attributes
    ADD CONSTRAINT spring_session_attributes_fk FOREIGN KEY (session_primary_id) REFERENCES public.spring_session(primary_id) ON DELETE CASCADE;


-- Completed on 2025-05-18 21:47:56

--
-- PostgreSQL database dump complete
--

